"se","cluster_name","keyword","question","snippet"
"google","how long do acrylic nails last without fillins","how long do acrylic nails last without fill ins","What happens if you don't fill acrylic nails?","If you go longer than two weeks, your acrylics will grow out, making them easier to damage. If you fail to keep up with routine fills, your nail technician will have to break off your acrylics and start from scratch, which is also worse for your real nails in the long run.Sep 6, 2019"
"google","how long do acrylic nails last without fillins","how long do acrylic nails last without fill ins","Is it better to get a fill or new nails?","You should get acrylic nails 'filled' once every two weeks at the max. You shouldn't need to get a new full set unless you need to because you're nails are all lifting or you need/want colored tips put on, although you could easily have them fill just the tip with colored acrylic instead of getting a new full set."
"google","how long do acrylic nails last without fillins","how long do acrylic nails last without fill ins","How often do acrylics need to be refilled?","Zuniga says that most clients with acrylics generally come in every two to three weeks to get them filled. However, as long as any lifting of the acrylic is filled in, a set can be worn for six to eight weeks before they need to be removed.Jul 10, 2022"
"google","how long do acrylic nails last without fillins","how long do acrylic nails last without fill ins","How long can you go without filling acrylic nails?","The duration of acrylics can vary from one person to another. Nevertheless, experts advise that you should never go beyond three weeks without going for a fill and nail treatment. This helps to take the pressure from the lifted expansion off your natural nails. It can also lower your risk of a fungal infection.Jun 15, 2022"
"google","how long do acrylic nails last without fillins","how long do acrylic nails last without fill ins","What happens if you don't fill your nails?","If you want to wear artificial nails for more than a few weeks, you'll need touch-ups every 2 to 3 weeks to fill in the gaps that appear as your nails grow. Frequent touch-ups can seriously damage your natural nails. In short, artificial nails can leave your nails thin, brittle, and parched."
"google","how long do acrylic nails last without fillins","how long do acrylic nails last without fill ins","Do acrylic nails come off on their own?","Acrylic nails can fall off on their own. This is usually when they have been on your nails for an extended period of time beyond their lifespan and the nail glue has dissolved or become too weak. Other reasons include poor adhesion, poor application, incorrect use of tips and sizing and poor glue quality."
"google","how long do acrylic nails last without fillins","how long do acrylic nails last without fill ins","Why do my acrylic nails fall off after 2 days?","There are three main reasons why acrylic nails pop off. Observable causes (e.g. improper nail preparation, damaged nails etc), Hidden causes (e.g. diet, health issues and Chemical causes (products used). It may be one of these, a combination of, or all three."
"google","how long do acrylic nails last without fillins","how long do acrylic nails last without fill ins","Do your nails go back to normal after acrylics?","While you can't completely heal the damage down by acrylics, your nails will eventually regrow. They will typically come back in strong and healthy as long as you are paying attention to nail care and eating a healthy, well-balanced diet."
"google","how long do acrylic nails last without fillins","how long do acrylic nails last without fill ins","Can acrylic nails last 6 weeks?","Generally speaking, acrylic nails can last anywhere from two weeks to six weeks without needing a fill-in. However, if the nails are particularly thin or if the person has fast-growing nails, they may need to be refilled more frequently.Apr 14, 2022"
"google","how long do acrylic nails last without fillins","how long do acrylic nails last without fill ins","How often should you redo acrylics?","How often should you get a new set of acrylic nails? As long as you take care of your acrylics—and head to your manicurist every two to three weeks for fill-ins—your set should last between six and eight weeks.20 Sep 2019"
"google","how long do acrylic nails last without fillins","how long do acrylic nails last without fill ins","What happens if acrylic nails stay on too long?","If you want to wear artificial nails for more than a few weeks, you'll need touch-ups every 2 to 3 weeks to fill in the gaps that appear as your nails grow. Frequent touch-ups can seriously damage your natural nails. In short, artificial nails can leave your nails thin, brittle, and parched."
"bing","how long do acrylic nails last without fillins","how long do acrylic nails last without fill ins","How long should you keep on acrylic nails?","You shouldn't keep acrylics no longer than 2 weeks. Anything more than that can cause fungus and other nail problems in the future. If you're looking for something that will last more than that without causing damage I would recommend you getting dip on your natural nails or polygel. Thanks x 3. WTF! x 1."
"bing","how long do acrylic nails last without fillins","how long do acrylic nails last without fill ins","How to keep acrylic nails on for a long time?","What To Do To Prolong Acrylic NailsProperly Select The Length And Size Of Your Nails. You can wear longer acrylic nails as you can always get them trimmed to your preferred length. ...Limit Water Exposure. You might be surprised by how simple it is. ...Proper Nail Filing And Buffing. ...Taking Care Of Your Acrylic Nails. ...Have A Regular Fill-In Appointment. ..."
"bing","how long do acrylic nails last without fillins","how long do acrylic nails last without fill ins","What is the easiest way to take off acrylic nails?","How to Remove Your Acrylic/Gel Manicure At Home in Five Steps:Use nail file to remove shine (top layer) off of gel or nail polish color.Soak your cotton balls in acetone.Cut your foil in squares—enough to wrap around your finger—and tightly wrap the cotton ball to nail plate where the rest of the gel color is.Let the acetone set on nails for at least 20 minutes.More items..."
"bing","how long do acrylic nails last without fillins","how long do acrylic nails last without fill ins","How long does it take acrylic nails to fall off?","While acrylic can fall off on their own, you do not want this to happen. Instead you will want them properly removed. There is a frequent misconception that acrylic nails can last forever. The fact is most acrylic nails will start peeling off after two weeks."
"bing","how long do nails last","how long should you keep acrylic nails on","How long do acrylic nails really last?","On average, these acrylic nails last for up to about 2 to 3 months with filing and buffing every 2 to 3 weeks. applying acrylics is easier than maintaining them. this is simply because of your natural nail growth. the growth of your natural nails will create gaps between the acrylic and the root of your nail bed so it is necessary to fix them."
"bing","how long do nails last","how long should you keep acrylic nails on","How long can you Keep on fake nails?","Use your hands carefully to prevent disturbing a fake nail. The slightest disturbance can cause a fake nail to pop off, which might also damage the natural nail plate underneath. If you're careful, you can keep your fake nails on for weeks. Whether you're getting dressed, using your keys, or lifting objects, use slow and deliberate hand movements."
"bing","how long do nails last","how long should you keep acrylic nails on","How can I strengthen my nails after acrylics?","How to repair your nails after acrylics?Get your acrylics removed by a professional. As I already mentioned before, your nails will be very weak, so if you remove the acrylics in an incorrect way you can ...Moisture and more Moisture. After removing your nails, they will be very weak and dry. ...Stick to a strengthening regime. ...Let your nails breath. ..."
"bing","how long do nails last","how long should you keep acrylic nails on","What to do if your nails are too long?","we use a dremel, the guillotine style clipper crushes the nail and thats more painful. dremel isnt as painful (just dont leave it on the nail for long) and try doing a couple toes a day once a week. will take FOREVER but it will eventually get them back to a better length. Ok, you're gonna have to cut the nails."
"google","how long do nails last","how long does acrylic nails last","Does acrylic ruin your nails?","In short, artificial nails can leave your nails thin, brittle, and parched. Still, some people love the look of artificial nails. If you're one of them, these tips from dermatologists can help you reduce the damage: Choose soak-off gel nails instead of acrylic nails."
"google","how long do nails last","how long does acrylic nails last","What is better for nails acrylic or gel?","As mentioned above, gel nails are a healthier alternative for the nail than acrylic. They are less likely to cause damage to the natural nail or nail bed. Gel nails also feel more natural and less rigid than acrylic, so if you accidentally hit them against something they are less likely to snap!Jul 23, 2019"
"google","how long do nails last","how long does acrylic nails last","Are acrylic nails worth it?","Not only are acrylic nails a hassle or painful, but they are extremely damaging as well. From infections to fungus, and possible nail loss the dangers associated with fake nails are wide. They can create inflamed cuticles, cause splitting, or prevent natural nail growth.May 17, 2017"
"google","how long do nails last","how long does acrylic nails last","How often should you remove acrylic nails?","Some experts suggest between three (3) to six (6) months. Going on an acrylic break is beneficial to your nails. It will give your natural nails the time to revitalize and also allow you to properly nurture your nails.Aug 8, 2020"
"google","how long do nails last","how long does acrylic nails last","How many times can you fill acrylics?","To sum up, you can fill in your acrylic nails as many times as you wish. Ideally, a refill is performed every two weeks and you should not need to visit your nail technician more often than that. An acrylic set usually lasts between six and eight weeks before it is time to get a new one."
"google","how long do nails last","how long does acrylic nails last","How much does a full set of acrylic nails cost?","Nail salons typically charge anywhere from $20 to $50 for a basic set of long acrylic nails.Mar 14, 2022"
"google","how long do nails last","how long does acrylic nails last","Can you shower with acrylic nails?","Yes, but you want to avoid letting your nails stay wet for too long. Make sure to dry them thoroughly after your shower."
"bing","how long do nails last","how long does acrylic nails last","How to keep acrylic nails on for a long time?","What To Do To Prolong Acrylic NailsProperly Select The Length And Size Of Your Nails. You can wear longer acrylic nails as you can always get them trimmed to your preferred length. ...Limit Water Exposure. You might be surprised by how simple it is. ...Proper Nail Filing And Buffing. ...Taking Care Of Your Acrylic Nails. ...Have A Regular Fill-In Appointment. ..."
"bing","how long do nails last","how long does acrylic nails last","How long should you keep on acrylic nails?","You shouldn't keep acrylics no longer than 2 weeks. Anything more than that can cause fungus and other nail problems in the future. If you're looking for something that will last more than that without causing damage I would recommend you getting dip on your natural nails or polygel. Thanks x 3. WTF! x 1."
"bing","how long do nails last","how long does acrylic nails last","What is the easiest way to take off acrylic nails?","How to Remove Your Acrylic/Gel Manicure At Home in Five Steps:Use nail file to remove shine (top layer) off of gel or nail polish color.Soak your cotton balls in acetone.Cut your foil in squares—enough to wrap around your finger—and tightly wrap the cotton ball to nail plate where the rest of the gel color is.Let the acetone set on nails for at least 20 minutes.More items..."
"bing","how long do nails last","how long does acrylic nails last","How to easily remove acrylic nails without acetone?","Steps:Start by heating the water. ...Insert your nails and let them soak for about 15-20 minutes. ...Dip your nails long enough till you see your acrylic nails starting to swell. ...Keep it long enough until you see your nails coming off easily.More items..."
"google","how long do nails last","how long do acrylic nails last","How often do acrylic nails need to be filled?","Zuniga says that most clients with acrylics generally come in every two to three weeks to get them filled. However, as long as any lifting of the acrylic is filled in, a set can be worn for six to eight weeks before they need to be removed.Jul 10, 2022"
"google","how long do nails last","how long do acrylic nails last","Which is better acrylic or gel nails?","If you're looking for nails that won't peel, acrylic is a good pick. If you're looking for a manicure that can protect your nails and look natural, however, then gel nails are the way to go. A professional gel nail kit is the best way to ensure professional-looking gel nails.Mar 3, 2021"
"google","how long do nails last","how long do acrylic nails last","Is it better to get a fill or new nails?","You should get acrylic nails 'filled' once every two weeks at the max. You shouldn't need to get a new full set unless you need to because you're nails are all lifting or you need/want colored tips put on, although you could easily have them fill just the tip with colored acrylic instead of getting a new full set."
"bing","how long do nails last","how long do acrylic nails last","What are the dangers of using acrylic nails?","Symptoms or Allergic Reactions To Acrylic to be Mindful of:Inflamed or itchy cuticlesSplitting or painful nail plateBleeding, puss-filled or infected nail plateInfection below the nail bed (can be hard to spot)Pay attention to you natural nail growth. Acrylics—both MMA and EMA—weaken your nails making them prone to breakage or delayed growth."
"bing","how long do nails last","how long do acrylic nails last","How long should one keep on acrylic nails?","You can keep acrylic nails for six to eight weeks. It is essential to know that you should head to your favorite salon every two to three weeks to check and work on some fill-ins. In this short read, you will learn how long acrylics last and some ways to take care of them. One of the best qualities of acrylic nails is that it is very long-lasting."
"bing","how long do nails last","how long do acrylic nails last","How long does it take to get acrylic nails filled?","Typically, acrylic nails need to be filled between two and three weeks. In theory, the number of refills for acrylic nails is between 8 to 13 times. However, in reality, how many times you can get your acrylic nails filled depends on how fast your natural nails grow and how light or heavy you use your hands and fingers in the day."
"google","how long do nails last","how long do nails last","How often should I get my nails filled?","SCHEDULE REGULAR FILLS Make sure to schedule appointments with your nail technician every two to three weeks, depending on your nail growth and your nail artist's recommendation.Sep 6, 2019"
"google","how long do nails last","how long do nails last","What type of nails last the longest?","Dip Nails Last Longer One of the biggest advantages of dip nails is their longevity. Whilst acrylic nails tend to last between two to three weeks before needing a touch-up at the salon, dip nails can last up to four weeks. Dip nails also last longer than gels.Aug 8, 2022"
"google","how long do nails last","how long do nails last","How long do normal nails last?","How long do nails need a break? Fingernails take an average of four to six months to grow out completely from the cuticle to the tip. “For natural nails, a three- to four-week break usually will be sufficient to allow discoloration to fade, whether nails are yellow-orange or have white patches,” said Batra.Nov 29, 2019"
"google","how long do nails last","how long do nails last","Do nails need to breathe?","Nails don't need surface access to air because they get oxygen and nutrients from your blood. Keeping nails hydrated is important if yours are prone to breakage, and a pause in polishing to moisturize would help.Oct 20, 2017"
"google","how long do nails last","how long do nails last","Do gel nails ruin your nails?","Although gel manicures can be beautiful and long-lasting, they can be tough on nails. Gel manicures can cause nail brittleness, peeling and cracking, and repeated use can increase the risk for skin cancer and premature skin aging on the hands."
"bing","how long do nails last","how long do nails last","Why do my fingernails grow so fast?","Nails are made up of keratin (protein made of dead cells) but the living base part of nail (nail matrix) present under the skin is responsible for the growth of ...The new cells (nail matrix) push older cells upward and become harden due to the keratin.Fast growth of nails is a good sign of health. ...More items..."